<?xml version="1.0" encoding="UTF-8" ?>
<!DOCTYPE mapper
PUBLIC "-//mybatis.org//DTD Mapper 3.0//EN"
"http://mybatis.org/dtd/mybatis-3-mapper.dtd">
<mapper namespace="com.xiaoqi.common.rabbitmq.mapper.MqLocalMessageMapper">

    <resultMap type="com.xiaoqi.common.rabbitmq.domain.MqLocalMessage" id="MqLocalMessageResult">
        <result property="messageId"    column="message_id"    />
        <result property="exchange"    column="exchange"    />
        <result property="topic"    column="topic"    />
        <result property="message"    column="message"    />
        <result property="status"    column="status"    />
        <result property="retryCount"    column="retry_count"    />
        <result property="errorMsg"    column="error_msg"    />
        <result property="createTime"    column="create_time"    />
        <result property="updateTime"    column="update_time"    />
        <result property="messageType"    column="message_type"    />

    </resultMap>

    <sql id="selectMqLocalMessageVo">
        select message_id, exchange, topic, message, message_type, status, retry_count, error_msg, create_time, update_time from mq_local_message
    </sql>

    <select id="selectMqLocalMessageList" parameterType="com.xiaoqi.common.rabbitmq.domain.MqLocalMessage" resultMap="MqLocalMessageResult">
        <include refid="selectMqLocalMessageVo"/>
        <where>
            <if test="exchange != null  and exchange != ''"> and exchange = #{exchange}</if>
            <if test="topic != null  and topic != ''"> and topic = #{topic}</if>
            <if test="status != null "> and status = #{status}</if>
            <if test="retryCount != null "> and retry_count = #{retryCount}</if>
            <if test="createTime != null  and createTime != ''"> and create_time <![CDATA[ > ]]> DATE_FORMAT(#{createTime,jdbcType=DATE},'%Y-%m-%d %H:%i:%s')</if>
        </where>
    </select>

    <select id="selectMqLocalMessageByMessageId" parameterType="Long" resultMap="MqLocalMessageResult">
        <include refid="selectMqLocalMessageVo"/>
        where message_id = #{messageId}
    </select>

    <insert id="insertMqLocalMessage" parameterType="com.xiaoqi.common.rabbitmq.domain.MqLocalMessage">
        insert into mq_local_message
        <trim prefix="(" suffix=")" suffixOverrides=",">
            <if test="messageId != null">message_id,</if>
            <if test="exchange != null">exchange,</if>
            <if test="topic != null and topic != ''">topic,</if>
            <if test="message != null and message != ''">message,</if>
            <if test="status != null">status,</if>
            <if test="retryCount != null">retry_count,</if>
            <if test="errorMsg != null">error_msg,</if>
            <if test="createTime != null">create_time,</if>
            <if test="updateTime != null">update_time,</if>
            <if test="messageType != null">message_type,</if>
         </trim>
        <trim prefix="values (" suffix=")" suffixOverrides=",">
            <if test="messageId != null">#{messageId},</if>
            <if test="exchange != null">#{exchange},</if>
            <if test="topic != null and topic != ''">#{topic},</if>
            <if test="message != null and message != ''">#{message},</if>
            <if test="status != null">#{status},</if>
            <if test="retryCount != null">#{retryCount},</if>
            <if test="errorMsg != null">#{errorMsg},</if>
            <if test="createTime != null">#{createTime},</if>
            <if test="updateTime != null">#{updateTime},</if>
            <if test="messageType != null">#{messageType},</if>
         </trim>
    </insert>

    <update id="updateMqLocalMessage" parameterType="com.xiaoqi.common.rabbitmq.domain.MqLocalMessage">
        update mq_local_message
        <trim prefix="SET" suffixOverrides=",">
            <if test="exchange != null">exchange = #{exchange},</if>
            <if test="topic != null and topic != ''">topic = #{topic},</if>
            <if test="message != null and message != ''">message = #{message},</if>
            <if test="status != null">status = #{status},</if>
            <if test="retryCount != null">retry_count = #{retryCount},</if>
            <if test="errorMsg != null">error_msg = #{errorMsg},</if>
            <if test="createTime != null">create_time = #{createTime},</if>
            <if test="updateTime != null">update_time = #{updateTime},</if>
            <if test="messageType != null">message_type = #{messageType},</if>
        </trim>
        where message_id = #{messageId}
    </update>

    <delete id="deleteMqLocalMessageByMessageId" parameterType="Long">
        delete from mq_local_message where message_id = #{messageId}
    </delete>

    <delete id="deleteMqLocalMessageByMessageIds" parameterType="String">
        delete from mq_local_message where message_id in
        <foreach item="messageId" collection="array" open="(" separator="," close=")">
            #{messageId}
        </foreach>
    </delete>
</mapper>
