<?xml version="1.0" encoding="UTF-8" ?>
<!DOCTYPE mapper
        PUBLIC "-//mybatis.org//DTD Mapper 3.0//EN"
        "http://mybatis.org/dtd/mybatis-3-mapper.dtd">
<mapper namespace="com.xiaoqi.shardjdbc.mapper.VehicleTestRecordMapper">

    <resultMap type="VehicleTestRecord" id="VehicleTestRecordResult">
        <result property="id" column="id"/>
        <result property="customerName" column="customer_name"/>
        <result property="vin" column="vin"/>
        <result property="timeStamp" column="time_stamp"/>
        <result property="ignitionStatus" column="ignition_status"/>
        <result property="drivingMode" column="driving_mode"/>
        <result property="totalMileage" column="total_mileage"/>
        <result property="recordRange" column="record_range"/>
        <result property="speed" column="speed"/>
        <result property="steeringWheelAngle" column="steering_wheel_angle"/>
        <result property="steeringWheelTorque" column="steering_wheel_torque"/>
        <result property="gear" column="gear"/>
        <result property="acceleratorPedalOpening" column="accelerator_pedal_opening"/>
        <result property="brakePedalOpening" column="brake_pedal_opening"/>
        <result property="corneringLamp" column="cornering_lamp"/>
        <result property="acceleration" column="acceleration"/>
        <result property="stoplight" column="stoplight"/>
        <result property="gpsValidity" column="gps_validity"/>
        <result property="gpsLongitude" column="gps_longitude"/>
        <result property="gpsLatitude" column="gps_latitude"/>
        <result property="gpsHeadingAngle" column="gps_heading_angle"/>
        <result property="gpsAcceleration" column="gps_acceleration"/>
        <result property="recodTime" column="recod_time"/>
        <result property="breakLight" column="break_light"/>
        <result property="takeoverType" column="takeover_type"/>
    </resultMap>

    <sql id="selectVehicleTestRecordVo">
        select id, customer_name, vin, time_stamp, ignition_status, driving_mode, total_mileage, record_range, speed, steering_wheel_angle, steering_wheel_torque, gear, accelerator_pedal_opening, brake_pedal_opening, cornering_lamp, acceleration, stoplight, gps_validity, gps_longitude, gps_latitude, gps_heading_angle, gps_acceleration, recod_time, break_light, takeover_type from vehicle_test_record
    </sql>
    <select id="selectVehicleTestRecordList" parameterType="VehicleTestRecord" resultMap="VehicleTestRecordResult">
        <include refid="selectVehicleTestRecordVo"/>
        <where>
            <if test="customerName != null  and customerName != ''">and customer_name like concat('%', #{customerName},
                '%')
            </if>
            <if test="vin != null  and vin != ''">and vin = #{vin}</if>
            <if test="timeStamp != null ">and time_stamp = #{timeStamp}</if>
            <if test="ignitionStatus != null ">and ignition_status = #{ignitionStatus}</if>
            <if test="drivingMode != null ">and driving_mode = #{drivingMode}</if>
            <if test="totalMileage != null ">and total_mileage = #{totalMileage}</if>
            <if test="recordRange != null ">and record_range = #{recordRange}</if>
            <if test="speed != null ">and speed = #{speed}</if>
            <if test="steeringWheelAngle != null ">and steering_wheel_angle = #{steeringWheelAngle}</if>
            <if test="steeringWheelTorque != null  and steeringWheelTorque != ''">and steering_wheel_torque =
                #{steeringWheelTorque}
            </if>
            <if test="gear != null  and gear != ''">and gear = #{gear}</if>
            <if test="acceleratorPedalOpening != null ">and accelerator_pedal_opening = #{acceleratorPedalOpening}</if>
            <if test="brakePedalOpening != null ">and brake_pedal_opening = #{brakePedalOpening}</if>
            <if test="corneringLamp != null ">and cornering_lamp = #{corneringLamp}</if>
            <if test="acceleration != null ">and acceleration = #{acceleration}</if>
            <if test="stoplight != null  and stoplight != ''">and stoplight = #{stoplight}</if>
            <if test="gpsValidity != null ">and gps_validity = #{gpsValidity}</if>
            <if test="gpsLongitude != null ">and gps_longitude = #{gpsLongitude}</if>
            <if test="gpsLatitude != null ">and gps_latitude = #{gpsLatitude}</if>
            <if test="gpsHeadingAngle != null ">and gps_heading_angle = #{gpsHeadingAngle}</if>
            <if test="gpsAcceleration != null ">and gps_acceleration = #{gpsAcceleration}</if>
            <if test="recodTime != null ">and recod_time = #{recodTime}</if>
            <if test="breakLight != null ">and break_light = #{breakLight}</if>
            <if test="takeoverType != null ">and takeover_type = #{takeoverType}</if>
            <if test="startDate != null and endDate != null">
                and recod_time BETWEEN #{startDate,jdbcType=TIMESTAMP} and #{endDate,jdbcType=TIMESTAMP}
            </if>
            <!-- <if test="startDate != null">
                 and recod_time <![CDATA[ >= ]]> #{startDate,jdbcType=TIMESTAMP}
             </if>
             <if test="endDate != null">
                 and recod_time <![CDATA[ <= ]]> #{endDate,jdbcType=TIMESTAMP}
             </if>-->

        </where>
    </select>

    <select id="selectVehicleTestRecordById" parameterType="Long" resultMap="VehicleTestRecordResult">
        <include refid="selectVehicleTestRecordVo"/>
        where id = #{id}
    </select>

    <insert id="insertVehicleTestRecord" parameterType="VehicleTestRecord">
        insert into vehicle_test_record
        <trim prefix="(" suffix=")" suffixOverrides=",">
            <if test="id != null">id,</if>
            <if test="customerName != null">customer_name,</if>
            <if test="vin != null">vin,</if>
            <if test="timeStamp != null">time_stamp,</if>
            <if test="ignitionStatus != null">ignition_status,</if>
            <if test="drivingMode != null">driving_mode,</if>
            <if test="totalMileage != null">total_mileage,</if>
            <if test="recordRange != null">record_range,</if>
            <if test="speed != null">speed,</if>
            <if test="steeringWheelAngle != null">steering_wheel_angle,</if>
            <if test="steeringWheelTorque != null">steering_wheel_torque,</if>
            <if test="gear != null">gear,</if>
            <if test="acceleratorPedalOpening != null">accelerator_pedal_opening,</if>
            <if test="brakePedalOpening != null">brake_pedal_opening,</if>
            <if test="corneringLamp != null">cornering_lamp,</if>
            <if test="acceleration != null">acceleration,</if>
            <if test="stoplight != null">stoplight,</if>
            <if test="gpsValidity != null">gps_validity,</if>
            <if test="gpsLongitude != null">gps_longitude,</if>
            <if test="gpsLatitude != null">gps_latitude,</if>
            <if test="gpsHeadingAngle != null">gps_heading_angle,</if>
            <if test="gpsAcceleration != null">gps_acceleration,</if>
            <if test="recodTime != null">recod_time,</if>
            <if test="breakLight != null">break_light,</if>
            <if test="takeoverType != null">takeover_type,</if>
        </trim>
        <trim prefix="values (" suffix=")" suffixOverrides=",">
            <if test="id != null">#{id},</if>
            <if test="customerName != null">#{customerName},</if>
            <if test="vin != null">#{vin},</if>
            <if test="timeStamp != null">#{timeStamp},</if>
            <if test="ignitionStatus != null">#{ignitionStatus},</if>
            <if test="drivingMode != null">#{drivingMode},</if>
            <if test="totalMileage != null">#{totalMileage},</if>
            <if test="recordRange != null">#{recordRange},</if>
            <if test="speed != null">#{speed},</if>
            <if test="steeringWheelAngle != null">#{steeringWheelAngle},</if>
            <if test="steeringWheelTorque != null">#{steeringWheelTorque},</if>
            <if test="gear != null">#{gear},</if>
            <if test="acceleratorPedalOpening != null">#{acceleratorPedalOpening},</if>
            <if test="brakePedalOpening != null">#{brakePedalOpening},</if>
            <if test="corneringLamp != null">#{corneringLamp},</if>
            <if test="acceleration != null">#{acceleration},</if>
            <if test="stoplight != null">#{stoplight},</if>
            <if test="gpsValidity != null">#{gpsValidity},</if>
            <if test="gpsLongitude != null">#{gpsLongitude},</if>
            <if test="gpsLatitude != null">#{gpsLatitude},</if>
            <if test="gpsHeadingAngle != null">#{gpsHeadingAngle},</if>
            <if test="gpsAcceleration != null">#{gpsAcceleration},</if>
            <if test="recodTime != null">#{recodTime},</if>
            <if test="breakLight != null">#{breakLight},</if>
            <if test="takeoverType != null">#{takeoverType},</if>
        </trim>
    </insert>

    <update id="updateVehicleTestRecord" parameterType="VehicleTestRecord">
        update vehicle_test_record
        <trim prefix="SET" suffixOverrides=",">
            <if test="customerName != null">customer_name = #{customerName},</if>
            <if test="vin != null">vin = #{vin},</if>
            <if test="timeStamp != null">time_stamp = #{timeStamp},</if>
            <if test="ignitionStatus != null">ignition_status = #{ignitionStatus},</if>
            <if test="drivingMode != null">driving_mode = #{drivingMode},</if>
            <if test="totalMileage != null">total_mileage = #{totalMileage},</if>
            <if test="recordRange != null">record_range = #{recordRange},</if>
            <if test="speed != null">speed = #{speed},</if>
            <if test="steeringWheelAngle != null">steering_wheel_angle = #{steeringWheelAngle},</if>
            <if test="steeringWheelTorque != null">steering_wheel_torque = #{steeringWheelTorque},</if>
            <if test="gear != null">gear = #{gear},</if>
            <if test="acceleratorPedalOpening != null">accelerator_pedal_opening = #{acceleratorPedalOpening},</if>
            <if test="brakePedalOpening != null">brake_pedal_opening = #{brakePedalOpening},</if>
            <if test="corneringLamp != null">cornering_lamp = #{corneringLamp},</if>
            <if test="acceleration != null">acceleration = #{acceleration},</if>
            <if test="stoplight != null">stoplight = #{stoplight},</if>
            <if test="gpsValidity != null">gps_validity = #{gpsValidity},</if>
            <if test="gpsLongitude != null">gps_longitude = #{gpsLongitude},</if>
            <if test="gpsLatitude != null">gps_latitude = #{gpsLatitude},</if>
            <if test="gpsHeadingAngle != null">gps_heading_angle = #{gpsHeadingAngle},</if>
            <if test="gpsAcceleration != null">gps_acceleration = #{gpsAcceleration},</if>
            <if test="recodTime != null">recod_time = #{recodTime},</if>
            <if test="breakLight != null">break_light = #{breakLight},</if>
            <if test="takeoverType != null">takeover_type = #{takeoverType},</if>
        </trim>
        where id = #{id}
    </update>

    <delete id="deleteVehicleTestRecordById" parameterType="Long">
        delete from vehicle_test_record where id = #{id}
    </delete>

    <delete id="deleteVehicleTestRecordByIds" parameterType="String">
        delete from vehicle_test_record where id in
        <foreach item="id" collection="array" open="(" separator="," close=")">
            #{id}
        </foreach>
    </delete>
</mapper>
